order_id,customer_id,order_date,payment_method,total_amount
1,10201,2024-10-14,Cash on Delivery,624.84
2,10211,2024-07-23,Cash on Delivery,65.02
3,10254,2024-09-10,Cash on Delivery,70.93
4,10299,2024-11-27,Cash on Delivery,815.76
5,10403,2024-05-03,Bank Transfer,1319.35
6,10486,2024-09-13,Cash on Delivery,548.2
7,10539,2025-03-17,Bank Transfer,34.64
8,10679,2024-04-23,Cash on Delivery,770.04
9,10792,2024-04-21,Credit Card,63.02
10,10825,2024-09-09,Cash on Delivery,286.34
11,10848,2024-05-26,Bank Transfer,600.1
12,11008,2024-07-23,Cash on Delivery,732.84
13,11021,2024-08-12,Bank Transfer,339.6
14,11101,2024-09-27,Cash on Delivery,484.7
15,11108,2024-06-26,Credit Card,55.18
16,11145,2024-04-09,Cash on Delivery,38.38
17,11164,2024-11-20,Bank Transfer,649.1500000000001
18,11363,2024-10-02,Credit Card,245.88
19,11455,2024-04-14,Bank Transfer,203.4
20,11479,2025-01-28,Cash on Delivery,905.2
21,11578,2024-05-22,Bank Transfer,72.74
22,11645,2024-12-23,Cash on Delivery,1838.25
23,11655,2025-03-05,Bank Transfer,1462.16
24,11829,2024-05-10,Bank Transfer,429.6
25,11849,2024-08-14,Cash on Delivery,2046.75
26,11871,2024-09-23,Bank Transfer,774.8399999999999
27,11911,2025-02-21,Bank Transfer,1185.1200000000001
28,12167,2024-11-20,Credit Card,187.51
29,12469,2024-06-24,Bank Transfer,979.6500000000001
30,12544,2024-07-02,Bank Transfer,459.36
31,12572,2025-01-22,Bank Transfer,905.8
32,12817,2024-06-06,Credit Card,1589.84
33,12858,2024-06-16,Bank Transfer,1128.57
34,12945,2024-09-30,Bank Transfer,974.1500000000001
35,13011,2024-07-29,Bank Transfer,552.22
36,13042,2024-05-15,Cash on Delivery,1274.0
37,13112,2024-12-15,Cash on Delivery,364.12
38,13120,2024-04-07,Cash on Delivery,40.2
39,13356,2024-12-27,Cash on Delivery,2044.75
40,13425,2024-09-14,Cash on Delivery,1638.32
41,13431,2025-01-03,Bank Transfer,619.14
42,13542,2024-12-17,Credit Card,746.72
43,13591,2024-04-21,Credit Card,394.06
44,13595,2024-08-02,Bank Transfer,496.5
45,13725,2024-06-16,Credit Card,1142.88
46,13992,2024-09-28,Cash on Delivery,129.35
47,14029,2025-02-20,Credit Card,454.56
48,14046,2024-12-19,Bank Transfer,503.64
49,14108,2024-09-22,Bank Transfer,357.97
50,14109,2024-07-17,Bank Transfer,899.5999999999999
51,14276,2024-09-14,Credit Card,1062.1
52,14284,2024-06-05,Bank Transfer,323.83
53,14303,2024-08-14,Credit Card,2125.5
54,14361,2024-12-12,Bank Transfer,932.48
55,14376,2025-02-15,Bank Transfer,102.30000000000001
56,14447,2024-03-20,Cash on Delivery,219.94
57,14487,2024-11-01,Cash on Delivery,304.1
58,14520,2024-12-22,Credit Card,1117.83
59,14872,2024-03-31,Credit Card,545.56
60,14911,2025-01-18,Credit Card,463.7
61,15505,2024-10-25,Bank Transfer,700.3
62,15545,2024-12-08,Bank Transfer,951.54
63,15625,2024-12-31,Bank Transfer,1522.12
64,15676,2024-04-22,Cash on Delivery,1067.34
65,15824,2024-12-25,Bank Transfer,513.82
66,15858,2024-09-20,Cash on Delivery,427.94
67,15872,2025-03-14,Bank Transfer,370.8
68,16119,2024-12-03,Bank Transfer,71.83
69,16285,2024-10-30,Credit Card,583.44
70,16430,2024-10-23,Bank Transfer,409.92
71,16539,2024-04-10,Credit Card,1422.96
72,16669,2024-05-25,Bank Transfer,716.22
73,16797,2024-07-27,Credit Card,124.08
74,16821,2024-05-18,Bank Transfer,1435.8
75,16865,2025-01-06,Bank Transfer,625.41
76,17044,2024-03-28,Cash on Delivery,306.5
77,17074,2024-06-02,Cash on Delivery,260.52
78,17263,2024-06-10,Bank Transfer,1876.35
79,17277,2024-10-21,Cash on Delivery,89.04
80,17305,2024-12-26,Cash on Delivery,520.25
81,17341,2024-08-10,Credit Card,493.8
82,17439,2024-08-12,Bank Transfer,1851.28
83,17483,2024-06-11,Cash on Delivery,842.2
84,17937,2025-02-17,Cash on Delivery,1042.56
85,18191,2024-12-11,Bank Transfer,867.66
86,18511,2024-04-07,Cash on Delivery,387.76
87,18555,2025-03-06,Credit Card,664.94
88,18651,2024-07-04,Cash on Delivery,2063.5
89,18819,2024-06-16,Cash on Delivery,1904.52
90,18860,2025-01-13,Bank Transfer,145.57
91,19180,2024-08-17,Bank Transfer,703.68
92,19238,2025-01-11,Cash on Delivery,216.68
93,19284,2024-07-28,Cash on Delivery,812.25
94,19293,2024-06-20,Bank Transfer,118.31
95,19327,2024-04-26,Cash on Delivery,1004.1299999999999
96,19405,2024-06-29,Bank Transfer,195.76
97,19510,2024-10-21,Bank Transfer,1186.0
98,19845,2024-10-26,Bank Transfer,735.56
99,19863,2024-05-14,Bank Transfer,361.34
100,19925,2025-01-29,Bank Transfer,1093.65
101,20004,2024-05-25,Credit Card,660.96
102,20019,2025-03-04,Credit Card,1200.12
103,20025,2024-12-21,Cash on Delivery,137.02
104,20351,2024-05-30,Credit Card,1810.5500000000002
105,20393,2025-02-28,Credit Card,2342.75
106,20485,2024-06-07,Credit Card,1335.68
107,20522,2024-11-07,Bank Transfer,604.98
108,20636,2024-03-22,Bank Transfer,515.62
109,20658,2024-11-06,Cash on Delivery,590.91
110,20770,2024-11-01,Credit Card,782.86
111,20814,2024-12-18,Bank Transfer,1165.16
112,20853,2024-07-10,Credit Card,682.17
113,20938,2024-10-22,Bank Transfer,84.68
114,21004,2024-04-17,Cash on Delivery,857.75
115,21063,2025-01-23,Bank Transfer,999.0
116,21109,2024-07-17,Bank Transfer,119.01
117,21298,2025-01-17,Credit Card,1106.92
118,21391,2025-01-11,Bank Transfer,63.56
119,21473,2024-10-19,Cash on Delivery,686.74
120,21565,2024-08-13,Credit Card,1939.24
121,21588,2024-03-25,Cash on Delivery,597.26
122,21664,2024-06-10,Bank Transfer,979.11
123,21731,2024-08-19,Cash on Delivery,114.3
124,21745,2024-12-23,Credit Card,624.55
125,21838,2024-06-25,Cash on Delivery,579.94
126,22228,2025-02-08,Credit Card,54.94
127,22264,2024-03-26,Cash on Delivery,138.85
128,22360,2024-04-19,Credit Card,578.76
129,22599,2025-01-28,Bank Transfer,145.08
130,22604,2025-02-08,Credit Card,247.45
131,22729,2024-03-31,Bank Transfer,262.44
132,22739,2024-07-15,Bank Transfer,1087.75
133,23008,2024-11-01,Bank Transfer,971.35
134,23094,2025-01-17,Credit Card,86.06
135,23188,2024-06-01,Credit Card,1496.6999999999998
136,23300,2024-06-05,Credit Card,92.24
137,23420,2024-08-19,Credit Card,1994.64
138,23570,2024-05-21,Bank Transfer,964.0
139,23601,2024-08-12,Cash on Delivery,1225.3799999999999
140,23672,2024-10-30,Bank Transfer,183.52
141,23687,2025-03-03,Credit Card,616.14
142,23743,2024-04-14,Cash on Delivery,943.24
143,23747,2024-08-15,Credit Card,51.1
144,23807,2024-12-02,Credit Card,1988.15
145,24024,2024-05-09,Bank Transfer,2099.9
146,24025,2024-10-16,Credit Card,312.3
147,24054,2024-11-05,Credit Card,662.1899999999999
148,24078,2024-11-29,Cash on Delivery,1824.5500000000002
149,24147,2024-08-23,Cash on Delivery,268.26
150,24175,2025-03-19,Credit Card,2352.15
151,24196,2025-01-06,Credit Card,231.51
152,24426,2025-02-07,Cash on Delivery,886.98
153,24487,2024-07-01,Bank Transfer,372.43
154,24639,2024-05-30,Credit Card,716.3100000000001
155,24734,2025-03-05,Cash on Delivery,191.98
156,24744,2024-07-08,Bank Transfer,1002.2
157,25091,2025-01-30,Cash on Delivery,598.75
158,25229,2024-10-09,Credit Card,315.12
159,25309,2024-08-24,Cash on Delivery,1106.73
160,25370,2024-09-09,Cash on Delivery,366.61
161,25536,2024-08-07,Credit Card,1034.31
162,25561,2024-11-23,Credit Card,330.94
163,25702,2025-03-12,Credit Card,1226.64
164,25747,2025-03-18,Cash on Delivery,243.04
165,25761,2024-05-11,Credit Card,1798.2
166,25852,2025-02-04,Cash on Delivery,239.88
167,25889,2024-09-24,Cash on Delivery,1023.56
168,25897,2024-11-22,Cash on Delivery,329.35
169,25952,2024-12-30,Bank Transfer,1437.5
170,25974,2025-02-12,Credit Card,65.69
171,25985,2025-02-07,Bank Transfer,706.46
172,26160,2025-03-04,Credit Card,904.4
173,26186,2024-05-27,Credit Card,428.52
174,26392,2025-01-28,Cash on Delivery,467.54
175,26457,2024-10-07,Bank Transfer,2282.75
176,26545,2024-05-08,Credit Card,940.16
177,26583,2024-04-10,Cash on Delivery,172.92
178,26652,2024-09-24,Cash on Delivery,961.58
179,26742,2024-08-30,Cash on Delivery,1369.8899999999999
180,26759,2024-04-30,Credit Card,331.65
181,26849,2024-11-24,Bank Transfer,350.21999999999997
182,27117,2024-11-27,Credit Card,982.6
183,27123,2024-12-27,Bank Transfer,488.09999999999997
184,27140,2024-08-17,Credit Card,408.63
185,27148,2025-01-07,Cash on Delivery,235.88
186,27282,2024-07-15,Cash on Delivery,585.8
187,27303,2024-05-25,Credit Card,470.23
188,27389,2025-01-31,Cash on Delivery,642.28
189,27462,2024-09-08,Bank Transfer,2331.9
190,27584,2025-01-10,Credit Card,79.8
191,27730,2025-03-19,Bank Transfer,366.27
192,27736,2024-11-08,Credit Card,497.89
193,27766,2024-09-25,Credit Card,773.6
194,27836,2024-06-09,Cash on Delivery,442.68
195,28063,2024-05-03,Bank Transfer,83.5
196,28186,2024-05-17,Credit Card,75.71
197,28298,2024-06-07,Bank Transfer,1040.46
198,28381,2024-04-26,Bank Transfer,324.51
199,28608,2024-04-08,Cash on Delivery,478.75
200,28742,2024-06-02,Cash on Delivery,1678.0500000000002
201,28844,2024-04-30,Cash on Delivery,757.78
202,29007,2024-09-11,Cash on Delivery,1337.48
203,29111,2024-11-12,Cash on Delivery,797.31
204,29123,2024-09-12,Cash on Delivery,217.98
205,29197,2024-06-26,Cash on Delivery,670.6
206,29275,2024-11-23,Credit Card,936.16
207,29305,2024-07-24,Bank Transfer,597.9300000000001
208,29306,2024-12-07,Cash on Delivery,1076.46
209,29312,2024-08-12,Cash on Delivery,1419.32
210,29786,2024-09-10,Bank Transfer,1004.01
211,29895,2024-04-17,Bank Transfer,633.87
212,29989,2024-12-03,Bank Transfer,784.64
213,30037,2024-08-05,Credit Card,1689.0
214,30090,2024-03-26,Credit Card,88.56
215,30197,2024-07-09,Credit Card,305.82
216,30282,2025-02-19,Credit Card,275.37
217,30321,2024-12-11,Cash on Delivery,1431.51
218,30444,2024-12-24,Credit Card,247.64
219,30464,2024-07-01,Cash on Delivery,967.92
220,31245,2024-07-25,Cash on Delivery,96.75
221,31253,2024-12-11,Cash on Delivery,1286.85
222,31412,2024-06-17,Cash on Delivery,559.62
223,31593,2025-02-16,Cash on Delivery,415.49
224,31600,2025-02-19,Credit Card,735.88
225,31977,2024-04-01,Credit Card,1859.1999999999998
226,32037,2024-11-07,Bank Transfer,127.75
227,32058,2024-05-27,Cash on Delivery,171.96
228,32080,2024-05-13,Credit Card,86.4
229,32168,2024-09-29,Credit Card,1916.48
230,32206,2024-10-13,Bank Transfer,163.12
231,32232,2024-09-23,Cash on Delivery,234.56
232,32285,2024-08-23,Cash on Delivery,127.53
233,32331,2025-01-23,Credit Card,975.86
234,32363,2024-04-19,Cash on Delivery,60.16
235,32522,2024-11-17,Credit Card,1689.92
236,32569,2025-02-06,Credit Card,673.78
237,32637,2024-07-15,Bank Transfer,304.35
238,32747,2024-06-30,Cash on Delivery,24.0
239,32787,2024-12-05,Cash on Delivery,442.84999999999997
240,32947,2025-01-10,Bank Transfer,616.82
241,32978,2024-11-11,Cash on Delivery,1912.68
242,33094,2024-08-12,Credit Card,774.1
243,33156,2025-03-16,Cash on Delivery,903.21
244,33203,2024-05-31,Cash on Delivery,1830.8500000000001
245,33496,2024-09-24,Bank Transfer,874.1500000000001
246,33678,2024-04-01,Cash on Delivery,380.08
247,33743,2024-12-24,Cash on Delivery,1216.6200000000001
248,33753,2024-08-18,Credit Card,1432.5
249,33770,2025-03-10,Credit Card,433.99
250,33851,2024-11-13,Credit Card,419.6
251,33859,2025-01-26,Credit Card,1338.72
252,33897,2024-06-11,Credit Card,323.43
253,34224,2025-01-27,Bank Transfer,2051.9
254,34358,2025-01-16,Bank Transfer,27.65
255,34368,2024-07-31,Bank Transfer,1426.59
256,34709,2024-10-28,Bank Transfer,230.16
257,34740,2024-07-04,Credit Card,491.22
258,35007,2024-06-09,Cash on Delivery,299.54
259,35014,2024-07-28,Bank Transfer,54.19
260,35088,2024-08-14,Bank Transfer,1526.3999999999999
261,35117,2025-02-24,Bank Transfer,1124.2
262,35152,2025-03-01,Bank Transfer,87.9
263,35155,2024-11-19,Credit Card,993.86
264,35219,2025-01-03,Cash on Delivery,1640.24
265,35246,2024-10-11,Bank Transfer,458.04
266,35514,2024-08-12,Cash on Delivery,866.76
267,35603,2024-08-15,Bank Transfer,915.24
268,35625,2024-11-24,Cash on Delivery,38.7
269,35717,2025-03-10,Cash on Delivery,239.35
270,35793,2024-11-23,Credit Card,455.42
271,35822,2024-04-22,Bank Transfer,473.99
272,36125,2024-06-06,Bank Transfer,2031.3
273,36231,2024-05-18,Bank Transfer,715.6999999999999
274,36278,2024-11-09,Credit Card,130.26
275,36373,2024-09-25,Bank Transfer,101.9
276,36683,2025-02-21,Cash on Delivery,191.54
277,36732,2025-01-12,Cash on Delivery,272.73
278,36759,2024-04-16,Cash on Delivery,776.25
279,36855,2024-09-22,Cash on Delivery,603.84
280,36922,2024-10-17,Cash on Delivery,254.46
281,36926,2024-03-29,Bank Transfer,274.24
282,36989,2024-12-22,Credit Card,556.6800000000001
283,37040,2024-07-28,Cash on Delivery,1263.3899999999999
284,37265,2024-05-01,Credit Card,594.0600000000001
285,37275,2024-07-22,Cash on Delivery,447.13
286,37330,2024-03-27,Bank Transfer,1096.3
287,37401,2024-08-16,Credit Card,376.51
288,37422,2024-08-28,Cash on Delivery,108.6
289,37431,2024-04-28,Bank Transfer,2111.95
290,37624,2025-03-08,Credit Card,461.0
291,37729,2024-12-31,Cash on Delivery,255.9
292,37762,2025-03-07,Cash on Delivery,94.6
293,37787,2024-08-02,Bank Transfer,274.56
294,37813,2024-08-02,Bank Transfer,1105.75
295,37821,2024-07-12,Cash on Delivery,682.36
296,37972,2024-10-07,Bank Transfer,1266.96
297,38096,2024-05-30,Bank Transfer,67.7
298,38114,2024-05-09,Credit Card,575.7
299,38245,2024-11-11,Credit Card,1363.4
300,38512,2025-03-09,Credit Card,1149.05
301,38523,2024-06-20,Credit Card,121.32
302,38547,2024-12-10,Credit Card,1422.51
303,38565,2024-10-28,Cash on Delivery,2277.15
304,38645,2025-02-12,Bank Transfer,650.46
305,38806,2024-07-14,Credit Card,449.54999999999995
306,38807,2024-10-11,Bank Transfer,363.16
307,38808,2024-04-21,Bank Transfer,627.34
308,39027,2024-12-26,Bank Transfer,274.59
309,39126,2024-08-09,Cash on Delivery,1446.84
310,39236,2024-06-05,Cash on Delivery,158.11
311,39267,2024-10-02,Credit Card,459.45000000000005
312,39305,2024-07-25,Cash on Delivery,536.48
313,39329,2024-08-28,Cash on Delivery,709.6
314,39413,2024-10-01,Cash on Delivery,654.44
315,39427,2024-06-13,Bank Transfer,1495.32
316,39659,2025-02-26,Cash on Delivery,623.68
317,39825,2024-03-28,Cash on Delivery,1765.95
318,39828,2025-02-12,Credit Card,176.73
319,39858,2024-08-29,Credit Card,2211.5
320,39860,2025-03-11,Bank Transfer,77.42
321,39945,2024-06-06,Bank Transfer,911.9499999999999
322,40110,2024-07-03,Cash on Delivery,1547.7
323,40188,2025-02-24,Credit Card,475.07
324,40338,2024-12-31,Cash on Delivery,398.29999999999995
325,40540,2024-10-25,Credit Card,1477.0500000000002
326,40849,2025-01-03,Credit Card,239.72
327,41014,2024-07-11,Cash on Delivery,390.35
328,41063,2024-07-21,Cash on Delivery,412.04999999999995
329,41135,2024-08-17,Cash on Delivery,231.36
330,41166,2024-04-17,Credit Card,258.7
331,41333,2024-05-04,Cash on Delivery,1194.93
332,41394,2024-12-17,Credit Card,1287.33
333,41492,2024-07-02,Cash on Delivery,805.12
334,41567,2025-01-25,Credit Card,1024.72
335,41613,2025-02-21,Credit Card,2437.6499999999996
336,41736,2024-10-28,Bank Transfer,787.96
337,42068,2024-05-12,Cash on Delivery,764.05
338,42097,2024-05-08,Bank Transfer,639.48
339,42115,2024-11-09,Bank Transfer,156.88
340,42128,2024-11-13,Cash on Delivery,585.8
341,42185,2024-09-24,Credit Card,172.3
342,42238,2024-07-24,Bank Transfer,1355.52
343,42739,2024-09-29,Credit Card,2434.5
344,42780,2024-11-26,Credit Card,485.16
345,42912,2024-10-05,Bank Transfer,301.5
346,42991,2024-08-24,Cash on Delivery,261.6
347,43023,2024-11-13,Cash on Delivery,1978.1999999999998
348,43043,2025-02-27,Bank Transfer,928.25
349,43115,2024-12-28,Bank Transfer,603.96
350,43139,2024-07-06,Cash on Delivery,62.300000000000004
351,43226,2024-09-09,Cash on Delivery,306.53
352,43279,2024-03-30,Credit Card,989.0
353,43591,2024-06-12,Cash on Delivery,681.72
354,43869,2024-06-27,Bank Transfer,111.26
355,43949,2025-01-28,Credit Card,476.25
356,43995,2024-04-26,Credit Card,1503.92
357,44020,2024-12-23,Cash on Delivery,823.1
358,44035,2024-08-10,Cash on Delivery,1168.48
359,44293,2024-10-26,Cash on Delivery,1348.44
360,44470,2024-03-20,Bank Transfer,142.5
361,44592,2024-08-17,Credit Card,828.74
362,44704,2025-02-25,Cash on Delivery,150.08
363,44793,2024-05-17,Credit Card,1701.6
364,44902,2024-07-12,Credit Card,1897.0
365,44994,2024-12-14,Cash on Delivery,1347.1000000000001
366,45059,2025-01-15,Credit Card,230.09
367,45081,2025-02-05,Bank Transfer,127.0
368,45232,2024-05-28,Cash on Delivery,278.86
369,45241,2024-10-14,Cash on Delivery,707.35
370,45242,2025-01-14,Cash on Delivery,1503.64
371,45270,2024-04-26,Bank Transfer,410.45
372,45307,2025-01-14,Cash on Delivery,69.76
373,45326,2024-08-15,Bank Transfer,659.84
374,45435,2024-07-06,Credit Card,1265.5500000000002
375,45453,2024-08-15,Cash on Delivery,878.22
376,45508,2024-10-15,Bank Transfer,1358.6999999999998
377,45637,2024-10-22,Credit Card,685.6500000000001
378,45679,2025-02-08,Credit Card,1726.92
379,45699,2025-02-03,Cash on Delivery,53.849999999999994
380,45719,2024-08-25,Credit Card,1044.93
381,45831,2025-02-07,Bank Transfer,151.94
382,46001,2024-10-14,Cash on Delivery,297.8
383,46034,2024-04-26,Bank Transfer,579.55
384,46059,2025-01-27,Cash on Delivery,1897.08
385,46239,2025-01-26,Cash on Delivery,867.34
386,46244,2024-07-23,Cash on Delivery,1361.1000000000001
387,46326,2024-12-15,Cash on Delivery,1710.6
388,46587,2024-06-26,Credit Card,1215.06
389,46781,2024-07-03,Cash on Delivery,282.92
390,46834,2024-06-24,Cash on Delivery,1826.6499999999999
391,46965,2025-02-21,Cash on Delivery,1031.94
392,46992,2024-05-13,Cash on Delivery,454.26
393,47189,2024-05-10,Bank Transfer,385.88
394,47212,2024-03-28,Credit Card,1910.72
395,47231,2024-11-12,Credit Card,257.1
396,47335,2024-08-25,Cash on Delivery,1553.8999999999999
397,47342,2024-08-30,Credit Card,904.92
398,47349,2025-01-26,Bank Transfer,764.3
399,47453,2024-08-04,Cash on Delivery,72.72
400,47485,2025-01-16,Cash on Delivery,55.6
401,47548,2025-01-31,Cash on Delivery,452.96
402,47566,2024-09-07,Bank Transfer,864.12
403,47601,2024-07-31,Cash on Delivery,483.8
404,47637,2024-09-28,Cash on Delivery,969.86
405,47725,2024-09-12,Cash on Delivery,319.98
406,47814,2024-07-17,Cash on Delivery,146.28
407,47962,2024-06-13,Credit Card,70.35
408,47971,2024-04-06,Bank Transfer,1395.6
409,48216,2024-08-12,Bank Transfer,1141.1499999999999
410,48362,2024-05-12,Cash on Delivery,81.21
411,48366,2024-10-12,Credit Card,981.9000000000001
412,48519,2024-09-22,Cash on Delivery,825.12
413,48551,2025-01-14,Cash on Delivery,646.29
414,48604,2024-03-30,Cash on Delivery,1152.45
415,48665,2024-05-14,Bank Transfer,911.2
416,48690,2024-04-11,Bank Transfer,419.84999999999997
417,48695,2024-04-12,Credit Card,765.56
418,48725,2024-06-02,Credit Card,822.66
419,48803,2024-09-27,Bank Transfer,481.21
420,48813,2025-03-14,Credit Card,191.02
421,48855,2024-11-05,Bank Transfer,447.49
422,48878,2024-09-07,Credit Card,167.94
423,48904,2025-02-07,Bank Transfer,1318.53
424,49017,2024-05-07,Bank Transfer,255.32
425,49232,2024-07-03,Cash on Delivery,415.86
426,49262,2024-07-14,Credit Card,77.37
427,49331,2024-05-21,Credit Card,611.15
428,49509,2024-08-18,Cash on Delivery,194.81
429,49580,2024-12-25,Bank Transfer,373.83
430,49651,2024-04-08,Bank Transfer,1070.88
431,49701,2024-04-21,Bank Transfer,107.79
432,49765,2024-04-21,Credit Card,1156.1100000000001
433,49769,2025-02-11,Bank Transfer,2028.85
434,49782,2024-10-27,Cash on Delivery,1282.44
435,49861,2024-11-24,Cash on Delivery,192.62
436,49956,2025-01-17,Cash on Delivery,317.6
437,49993,2024-03-23,Credit Card,162.38
438,50139,2024-12-10,Credit Card,1552.0
439,50142,2024-10-18,Cash on Delivery,301.02
440,50145,2024-10-26,Cash on Delivery,963.21
441,50200,2024-05-03,Bank Transfer,514.02
442,50437,2024-09-20,Cash on Delivery,532.54
443,50447,2024-10-21,Credit Card,501.96
444,50538,2024-10-02,Cash on Delivery,493.28
445,50575,2024-09-24,Credit Card,903.32
446,50771,2024-05-16,Cash on Delivery,855.04
447,50813,2025-01-29,Cash on Delivery,693.4
448,50842,2024-10-14,Cash on Delivery,799.5
449,50848,2024-08-27,Bank Transfer,1400.2
450,50937,2024-11-05,Cash on Delivery,92.22
451,50980,2024-05-29,Credit Card,89.6
452,51031,2024-05-25,Cash on Delivery,562.92
453,51106,2025-03-03,Credit Card,297.34
454,51171,2024-09-08,Bank Transfer,439.96
455,51301,2025-01-07,Cash on Delivery,365.95
456,51391,2025-02-15,Cash on Delivery,1233.4
457,51408,2025-02-14,Cash on Delivery,424.96
458,51458,2025-01-27,Cash on Delivery,389.49
459,51679,2024-03-29,Cash on Delivery,405.16
460,51714,2024-07-12,Cash on Delivery,1359.6
461,51729,2025-01-24,Cash on Delivery,955.3199999999999
462,51963,2024-08-04,Cash on Delivery,448.83000000000004
463,51971,2024-04-09,Bank Transfer,461.44
464,52052,2024-10-27,Credit Card,1031.34
465,52134,2024-04-11,Bank Transfer,340.27
466,52189,2024-09-01,Bank Transfer,183.61
467,52213,2025-02-21,Cash on Delivery,202.55
468,52278,2024-07-25,Bank Transfer,1385.73
469,52324,2024-09-20,Credit Card,520.28
470,52435,2024-11-11,Bank Transfer,1701.55
471,52566,2025-01-24,Cash on Delivery,459.4
472,52647,2024-12-16,Cash on Delivery,1735.08
473,52736,2024-04-15,Bank Transfer,335.18
474,52751,2024-09-08,Cash on Delivery,751.11
475,52835,2024-04-11,Cash on Delivery,763.0
476,52849,2024-03-20,Bank Transfer,298.14
477,53004,2024-09-19,Credit Card,1246.9
478,53070,2024-11-19,Credit Card,334.79999999999995
479,53191,2024-11-21,Cash on Delivery,818.24
480,53269,2024-08-09,Bank Transfer,1730.95
481,53270,2024-09-15,Cash on Delivery,431.8
482,53474,2024-09-26,Bank Transfer,1400.75
483,53575,2024-05-04,Credit Card,225.06
484,53649,2024-12-22,Cash on Delivery,329.05
485,53652,2024-06-14,Cash on Delivery,2080.6
486,53754,2024-07-11,Cash on Delivery,92.5
487,53811,2024-09-21,Credit Card,2131.85
488,53843,2024-11-12,Cash on Delivery,2052.75
489,53860,2024-05-14,Credit Card,358.26
490,53928,2024-07-18,Bank Transfer,1288.65
491,53977,2024-12-17,Credit Card,117.37
492,53993,2025-03-06,Cash on Delivery,842.6999999999999
493,54306,2024-09-26,Cash on Delivery,333.66
494,54318,2024-06-29,Cash on Delivery,983.94
495,54371,2025-02-05,Cash on Delivery,627.48
496,54453,2025-01-28,Credit Card,235.56
497,54459,2024-05-22,Cash on Delivery,1777.0
498,54476,2025-01-14,Credit Card,368.4
499,54503,2024-04-03,Cash on Delivery,674.5
500,54614,2024-12-10,Credit Card,55.6
501,54625,2025-01-21,Credit Card,297.48
502,54627,2024-08-18,Bank Transfer,52.33
503,54630,2025-02-05,Cash on Delivery,1667.56
504,54645,2024-07-30,Bank Transfer,1418.76
505,54710,2024-04-11,Credit Card,1201.85
506,54869,2024-03-29,Cash on Delivery,1947.36
507,54901,2024-06-04,Cash on Delivery,1128.84
508,54917,2024-12-26,Cash on Delivery,628.96
509,55003,2024-11-13,Bank Transfer,636.56
510,55098,2025-02-04,Credit Card,115.0
511,55131,2024-11-08,Bank Transfer,296.62
512,55134,2024-12-04,Bank Transfer,1948.84
513,55184,2024-06-09,Bank Transfer,157.05
514,55304,2024-11-16,Cash on Delivery,36.52
515,55371,2024-04-02,Cash on Delivery,1054.76
516,55421,2025-03-16,Credit Card,614.24
517,55426,2024-12-08,Bank Transfer,2244.6
518,55438,2024-06-09,Cash on Delivery,247.95000000000002
519,55539,2024-12-13,Credit Card,724.75
520,55540,2024-10-06,Cash on Delivery,900.36
521,55698,2025-03-16,Cash on Delivery,404.04
522,55865,2024-03-26,Credit Card,341.89
523,55905,2025-03-02,Cash on Delivery,99.84
524,55931,2024-09-13,Credit Card,656.2
525,55956,2024-05-17,Cash on Delivery,1250.6399999999999
526,56073,2024-05-02,Credit Card,486.0
527,56081,2025-03-09,Bank Transfer,1851.2
528,56269,2024-08-25,Credit Card,778.65
529,56431,2024-07-03,Cash on Delivery,451.26
530,56464,2024-09-23,Bank Transfer,483.14
531,56589,2024-12-27,Cash on Delivery,275.82
532,56705,2024-08-12,Credit Card,337.3
533,56744,2024-08-17,Bank Transfer,1508.3000000000002
534,56829,2024-08-04,Bank Transfer,311.67
535,56948,2025-01-28,Cash on Delivery,1051.92
536,56955,2024-07-14,Cash on Delivery,183.3
537,57116,2024-10-06,Bank Transfer,58.650000000000006
538,57134,2024-08-29,Credit Card,197.24
539,57158,2024-07-25,Credit Card,46.96
540,57240,2024-12-12,Cash on Delivery,1832.32
541,57366,2024-05-09,Bank Transfer,663.72
542,57419,2024-12-15,Credit Card,846.44
543,57449,2024-10-20,Cash on Delivery,187.60000000000002
544,57457,2024-05-11,Cash on Delivery,80.65
545,57585,2025-01-07,Cash on Delivery,1977.28
546,57960,2024-04-09,Bank Transfer,220.22
547,58032,2024-04-04,Credit Card,59.88
548,58103,2025-01-29,Cash on Delivery,1306.1100000000001
549,58130,2024-05-17,Bank Transfer,138.55
550,58283,2025-01-25,Cash on Delivery,414.51
551,58295,2024-07-17,Cash on Delivery,746.73
552,58363,2024-09-02,Credit Card,436.34999999999997
553,58368,2024-12-08,Bank Transfer,488.49
554,58481,2024-04-18,Cash on Delivery,398.24
555,58706,2025-02-07,Bank Transfer,1406.48
556,58789,2024-07-01,Cash on Delivery,197.28
557,58848,2024-08-08,Credit Card,194.16
558,58911,2024-07-03,Bank Transfer,236.22
559,59266,2024-10-14,Cash on Delivery,972.2
560,59338,2025-01-03,Credit Card,1915.76
561,59486,2024-11-29,Bank Transfer,2378.1
562,59603,2024-09-05,Credit Card,804.84
563,59644,2024-10-28,Cash on Delivery,541.95
564,59875,2024-08-02,Cash on Delivery,1339.04
565,59944,2025-02-06,Bank Transfer,723.98
566,60024,2024-08-21,Credit Card,1172.2
567,60036,2024-11-27,Bank Transfer,1332.92
568,60063,2024-12-19,Bank Transfer,432.67
569,60144,2025-01-23,Cash on Delivery,344.92
570,60294,2024-04-19,Bank Transfer,603.08
571,60295,2024-09-14,Credit Card,699.08
572,60664,2024-08-12,Bank Transfer,559.08
573,60712,2025-02-09,Credit Card,120.9
574,60796,2024-06-01,Credit Card,482.66
575,60807,2025-01-07,Bank Transfer,280.12
576,60808,2025-01-08,Credit Card,190.77
577,61065,2024-04-20,Cash on Delivery,465.66
578,61272,2024-05-01,Cash on Delivery,138.72
579,61294,2024-08-23,Bank Transfer,459.14
580,61329,2024-12-07,Bank Transfer,101.04
581,61332,2024-06-01,Bank Transfer,137.88
582,61358,2025-02-26,Bank Transfer,2382.6499999999996
583,61360,2024-12-03,Cash on Delivery,1372.32
584,61427,2024-09-17,Cash on Delivery,886.16
585,61595,2024-11-01,Bank Transfer,790.02
586,61642,2024-11-24,Bank Transfer,241.61
587,61650,2024-12-19,Credit Card,395.92
588,61717,2024-08-31,Bank Transfer,786.98
589,61930,2024-04-05,Credit Card,1086.6
590,61935,2024-04-14,Bank Transfer,1180.53
591,62030,2024-05-28,Credit Card,91.78
592,62120,2025-03-05,Bank Transfer,1369.1399999999999
593,62183,2024-04-04,Cash on Delivery,989.62
594,62189,2025-02-21,Cash on Delivery,261.69
595,62323,2024-11-04,Bank Transfer,1142.15
596,62444,2024-10-14,Cash on Delivery,1057.0500000000002
597,62506,2024-05-09,Cash on Delivery,294.45
598,62597,2024-08-17,Cash on Delivery,132.34
599,62697,2024-09-19,Bank Transfer,942.24
600,62699,2024-04-11,Bank Transfer,77.12
601,62764,2024-11-03,Credit Card,146.84
602,62821,2025-01-15,Credit Card,921.35
603,62824,2024-12-25,Cash on Delivery,1609.7
604,62833,2024-04-05,Credit Card,457.29
605,62981,2024-07-20,Cash on Delivery,845.98
606,63014,2025-03-12,Bank Transfer,188.43
607,63024,2024-12-24,Credit Card,1441.9499999999998
608,63051,2024-08-15,Cash on Delivery,100.18
609,63100,2024-12-18,Credit Card,2053.0
610,63278,2024-05-31,Cash on Delivery,430.26
611,63313,2024-08-09,Bank Transfer,1330.8000000000002
612,63665,2024-11-14,Cash on Delivery,168.47
613,63722,2024-06-24,Credit Card,404.83
614,63842,2024-06-22,Cash on Delivery,921.5
615,63872,2024-05-10,Credit Card,706.88
616,63876,2024-09-04,Credit Card,215.68
617,63919,2024-04-23,Bank Transfer,38.67
618,64016,2024-10-29,Credit Card,189.89
619,64326,2024-08-15,Bank Transfer,1379.4
620,64425,2024-12-19,Bank Transfer,1019.6500000000001
621,64496,2024-06-18,Cash on Delivery,405.91
622,64578,2024-07-01,Bank Transfer,35.52
623,64649,2024-12-07,Cash on Delivery,664.9
624,64684,2024-11-16,Credit Card,197.69
625,64799,2024-10-30,Cash on Delivery,1385.76
626,65011,2025-02-20,Cash on Delivery,1533.44
627,65102,2024-09-10,Bank Transfer,107.09
628,65208,2024-10-28,Bank Transfer,460.22
629,65235,2024-07-29,Credit Card,299.39
630,65284,2025-01-14,Credit Card,383.34000000000003
631,65398,2024-11-18,Cash on Delivery,888.4
632,65546,2024-04-01,Bank Transfer,1603.76
633,65571,2024-03-20,Bank Transfer,135.56
634,65579,2024-10-07,Cash on Delivery,142.29
635,65624,2024-03-26,Credit Card,376.94
636,65789,2024-08-12,Bank Transfer,274.74
637,65819,2024-06-16,Credit Card,511.8
638,66073,2025-01-30,Cash on Delivery,938.66
639,66122,2024-11-06,Cash on Delivery,401.05
640,66492,2025-02-21,Bank Transfer,1500.52
641,66566,2024-07-28,Cash on Delivery,500.5
642,66682,2025-02-04,Bank Transfer,315.09
643,66782,2024-07-04,Credit Card,125.94
644,66861,2025-02-23,Bank Transfer,440.01
645,66977,2025-03-18,Bank Transfer,354.32
646,67215,2024-12-02,Credit Card,242.04
647,67232,2024-05-29,Bank Transfer,344.44
648,67405,2024-04-13,Bank Transfer,170.62
649,67596,2025-02-15,Bank Transfer,552.78
650,67667,2024-11-14,Bank Transfer,1098.42
651,67837,2025-02-02,Credit Card,281.72
652,67967,2024-05-04,Cash on Delivery,1485.72
653,68218,2024-06-11,Cash on Delivery,948.6
654,68220,2024-09-15,Bank Transfer,226.42
655,68238,2025-03-17,Cash on Delivery,996.75
656,68416,2024-12-15,Cash on Delivery,110.75
657,68604,2024-04-07,Credit Card,666.1
658,68792,2024-11-09,Cash on Delivery,119.39
659,68850,2025-02-07,Credit Card,53.18
660,68904,2024-12-16,Cash on Delivery,1064.52
661,69068,2024-09-07,Cash on Delivery,1262.5
662,69112,2024-06-12,Credit Card,352.26
663,69170,2024-05-30,Credit Card,266.24
664,69327,2024-08-28,Cash on Delivery,316.29
665,69355,2024-12-04,Bank Transfer,404.07
666,69487,2024-08-31,Cash on Delivery,1857.12
667,69632,2024-11-13,Cash on Delivery,263.15999999999997
668,69719,2024-12-24,Cash on Delivery,688.08
669,69817,2024-12-12,Bank Transfer,719.76
670,69895,2024-04-27,Credit Card,1307.16
671,69990,2024-04-22,Cash on Delivery,530.68
672,70242,2024-04-21,Credit Card,651.78
673,70317,2024-08-20,Cash on Delivery,357.67
674,70446,2024-05-02,Cash on Delivery,1188.95
675,70476,2024-10-13,Cash on Delivery,489.19
676,71005,2024-09-26,Credit Card,388.04999999999995
677,71237,2024-09-05,Cash on Delivery,1056.6
678,71248,2024-07-01,Bank Transfer,1036.4
679,71289,2025-01-11,Bank Transfer,450.81
680,71490,2024-04-23,Credit Card,195.85
681,71609,2025-01-22,Bank Transfer,691.78
682,71646,2024-09-15,Cash on Delivery,120.66
683,71713,2024-10-03,Cash on Delivery,1402.53
684,71870,2024-12-30,Cash on Delivery,858.03
685,72072,2025-02-09,Bank Transfer,1427.01
686,72081,2024-07-25,Credit Card,1413.96
687,72159,2024-05-12,Cash on Delivery,681.21
688,72236,2024-07-05,Credit Card,550.85
689,72238,2024-03-28,Credit Card,148.92
690,72286,2025-02-07,Credit Card,642.25
691,72324,2024-04-19,Cash on Delivery,267.65
692,72471,2024-08-22,Cash on Delivery,348.39
693,72701,2024-03-22,Credit Card,1978.8999999999999
694,72727,2024-12-26,Credit Card,461.84999999999997
695,73009,2024-03-27,Cash on Delivery,679.32
696,73069,2024-08-01,Cash on Delivery,557.82
697,73165,2024-12-29,Credit Card,480.52
698,73269,2025-01-03,Bank Transfer,602.2
699,73282,2024-07-23,Bank Transfer,423.98
700,73293,2024-04-30,Credit Card,463.62
701,73481,2024-08-24,Credit Card,790.04
702,73507,2024-12-25,Cash on Delivery,218.72
703,73536,2024-06-12,Credit Card,1532.2
704,73858,2024-05-21,Cash on Delivery,1953.96
705,73957,2024-07-28,Bank Transfer,686.4499999999999
706,74049,2024-10-07,Bank Transfer,1460.4499999999998
707,74067,2024-06-27,Cash on Delivery,1484.6100000000001
708,74178,2024-12-13,Credit Card,20.84
709,74218,2024-12-30,Bank Transfer,309.55
710,74233,2024-10-13,Bank Transfer,206.4
711,74278,2024-10-13,Cash on Delivery,304.0
712,74288,2024-08-04,Bank Transfer,616.86
713,74490,2024-05-26,Bank Transfer,409.85
714,74956,2024-12-14,Credit Card,466.45000000000005
715,75246,2024-08-27,Bank Transfer,1042.95
716,75278,2025-03-03,Credit Card,798.4499999999999
717,75314,2024-05-31,Cash on Delivery,181.56
718,75395,2025-03-19,Bank Transfer,600.32
719,75434,2024-12-03,Cash on Delivery,768.36
720,75453,2024-06-22,Credit Card,476.70000000000005
721,75474,2024-05-22,Credit Card,117.47
722,75854,2024-10-08,Cash on Delivery,1362.6
723,75860,2024-07-02,Credit Card,154.59
724,76010,2024-09-24,Credit Card,257.23
725,76057,2024-07-03,Bank Transfer,1693.8
726,76076,2024-12-20,Bank Transfer,1830.16
727,76140,2024-06-29,Credit Card,587.34
728,76203,2024-04-03,Credit Card,195.9
729,76411,2024-11-18,Bank Transfer,1773.72
730,76490,2024-12-17,Cash on Delivery,1535.2
731,76505,2024-12-11,Bank Transfer,1250.35
732,76563,2024-10-31,Cash on Delivery,567.62
733,76569,2025-01-12,Bank Transfer,428.62
734,76603,2025-02-27,Cash on Delivery,579.8
735,76799,2024-11-08,Bank Transfer,413.66999999999996
736,76854,2024-09-14,Bank Transfer,297.18
737,77076,2024-05-27,Bank Transfer,249.51
738,77096,2024-11-30,Credit Card,332.32
739,77150,2024-10-10,Bank Transfer,1904.28
740,77157,2025-01-07,Bank Transfer,1295.56
741,77178,2024-09-17,Cash on Delivery,631.15
742,77187,2024-05-03,Credit Card,149.72
743,77318,2025-02-18,Bank Transfer,407.88
744,77451,2024-07-20,Credit Card,166.74
745,77455,2024-06-29,Credit Card,891.99
746,77523,2025-01-28,Bank Transfer,1778.25
747,77706,2024-06-17,Bank Transfer,833.86
748,77729,2024-03-23,Credit Card,730.11
749,77823,2024-09-27,Credit Card,2376.55
750,77848,2024-07-14,Cash on Delivery,352.08
751,77850,2024-06-19,Bank Transfer,1091.68
752,77884,2024-12-05,Bank Transfer,436.08000000000004
753,77934,2025-01-16,Credit Card,66.24
754,78056,2024-09-21,Credit Card,226.48
755,78206,2024-08-17,Cash on Delivery,1064.25
756,78277,2025-01-17,Credit Card,1627.96
757,78620,2024-07-11,Credit Card,89.38
758,78752,2024-04-07,Credit Card,891.0
759,78768,2024-08-03,Bank Transfer,152.2
760,78972,2024-10-24,Credit Card,1152.88
761,79004,2024-05-14,Bank Transfer,275.16
762,79018,2024-09-08,Cash on Delivery,300.74
763,79047,2024-09-16,Bank Transfer,931.17
764,79189,2024-08-30,Credit Card,399.18
765,79379,2024-10-18,Cash on Delivery,1226.9
766,79470,2025-03-12,Cash on Delivery,381.0
767,79476,2024-09-20,Credit Card,1290.36
768,79537,2024-10-18,Bank Transfer,1871.9499999999998
769,79582,2025-01-17,Bank Transfer,78.2
770,79715,2024-11-22,Credit Card,984.35
771,79723,2024-07-16,Bank Transfer,393.9
772,79809,2024-06-07,Bank Transfer,1363.75
773,79864,2024-04-07,Cash on Delivery,628.2
774,79880,2024-06-01,Cash on Delivery,1542.1000000000001
775,79898,2024-03-19,Credit Card,424.45
776,79928,2024-12-16,Cash on Delivery,91.83
777,79948,2024-08-14,Bank Transfer,328.22
778,79954,2024-07-25,Bank Transfer,577.9
779,80018,2024-11-06,Bank Transfer,1061.04
780,80222,2024-06-25,Credit Card,425.54
781,80435,2024-07-05,Cash on Delivery,232.24
782,80441,2024-07-26,Credit Card,616.8
783,80473,2024-10-21,Cash on Delivery,194.9
784,80803,2024-03-24,Bank Transfer,293.0
785,80835,2024-12-26,Bank Transfer,720.1500000000001
786,80882,2025-02-27,Credit Card,1126.77
787,81133,2024-11-16,Cash on Delivery,240.56
788,81289,2024-07-18,Cash on Delivery,489.21
789,81394,2024-12-17,Credit Card,204.66
790,81400,2024-08-02,Bank Transfer,668.44
791,81439,2024-11-17,Credit Card,640.96
792,81507,2025-01-13,Cash on Delivery,124.01
793,81512,2024-12-23,Bank Transfer,229.32
794,81790,2024-04-15,Credit Card,1861.9499999999998
795,81896,2025-01-20,Bank Transfer,615.18
796,81927,2024-05-04,Credit Card,482.29
797,81959,2025-03-13,Cash on Delivery,739.4
798,82077,2024-09-14,Credit Card,239.33
799,82168,2025-01-23,Credit Card,947.14
800,82649,2024-11-26,Bank Transfer,419.8
801,82689,2024-09-23,Cash on Delivery,169.29
802,82700,2024-05-30,Cash on Delivery,189.35
803,82746,2024-11-18,Bank Transfer,789.48
804,82756,2024-09-28,Cash on Delivery,1337.46
805,82764,2024-04-23,Credit Card,317.08
806,82793,2025-01-01,Cash on Delivery,1284.72
807,82817,2025-03-13,Cash on Delivery,1727.64
808,82894,2024-12-15,Bank Transfer,499.23
809,82916,2024-08-24,Bank Transfer,375.92
810,82945,2024-05-23,Cash on Delivery,407.22
811,82989,2024-05-24,Bank Transfer,474.75
812,83207,2024-05-27,Cash on Delivery,1143.8
813,83687,2024-08-26,Cash on Delivery,2379.45
814,83914,2024-07-12,Bank Transfer,119.02
815,83983,2024-08-01,Credit Card,805.25
816,84001,2024-09-17,Credit Card,1664.3000000000002
817,84063,2025-01-20,Bank Transfer,1605.2
818,84308,2024-06-26,Credit Card,1456.5
819,84328,2025-02-06,Bank Transfer,420.63
820,84575,2024-11-02,Cash on Delivery,631.8
821,84629,2024-12-24,Bank Transfer,1282.88
822,84661,2024-04-04,Bank Transfer,545.66
823,84736,2024-06-27,Credit Card,218.74
824,84845,2024-05-15,Credit Card,294.36
825,84937,2024-05-02,Cash on Delivery,148.68
826,84978,2024-09-05,Bank Transfer,458.02
827,84991,2024-11-20,Cash on Delivery,198.08
828,85009,2025-01-23,Cash on Delivery,436.24
829,85139,2024-12-13,Bank Transfer,312.01
830,85352,2024-07-04,Cash on Delivery,745.3
831,85365,2024-12-18,Cash on Delivery,316.1
832,85518,2025-03-11,Cash on Delivery,292.66
833,85558,2024-04-27,Bank Transfer,1102.53
834,85614,2025-03-13,Cash on Delivery,2263.35
835,85771,2024-12-18,Credit Card,672.68
836,85934,2024-03-23,Bank Transfer,400.34
837,85940,2024-07-15,Bank Transfer,247.97
838,86056,2024-05-27,Credit Card,689.72
839,86183,2025-02-21,Cash on Delivery,614.88
840,86435,2024-07-30,Bank Transfer,1725.92
841,86646,2024-09-20,Credit Card,794.56
842,86727,2025-03-10,Cash on Delivery,1521.68
843,86737,2025-01-16,Credit Card,424.55
844,86746,2024-03-24,Credit Card,894.81
845,87052,2024-06-13,Bank Transfer,932.0999999999999
846,87140,2024-12-02,Credit Card,250.41
847,87200,2025-02-11,Cash on Delivery,391.58
848,87219,2024-05-06,Cash on Delivery,52.5
849,87467,2024-10-05,Credit Card,215.08
850,87478,2024-04-19,Bank Transfer,22.21
851,87513,2024-05-04,Cash on Delivery,571.96
852,87653,2024-07-28,Credit Card,919.54
853,87690,2024-04-08,Cash on Delivery,414.90000000000003
854,87787,2024-05-13,Bank Transfer,467.7
855,88015,2024-05-20,Bank Transfer,1057.16
856,88142,2024-11-09,Bank Transfer,686.55
857,88218,2025-02-04,Credit Card,675.3
858,88309,2024-06-11,Bank Transfer,394.31
859,88321,2024-09-22,Bank Transfer,965.45
860,88424,2024-06-06,Bank Transfer,381.36
861,88797,2024-10-26,Credit Card,650.7
862,88802,2024-11-12,Cash on Delivery,797.82
863,88885,2024-12-13,Cash on Delivery,112.93
864,88937,2025-01-04,Bank Transfer,480.28
865,88975,2024-11-14,Cash on Delivery,448.47
866,89064,2024-11-10,Cash on Delivery,86.25
867,89076,2024-10-12,Cash on Delivery,283.62
868,89104,2024-12-07,Cash on Delivery,853.4100000000001
869,89114,2024-07-14,Credit Card,754.89
870,89312,2024-08-30,Credit Card,566.34
871,89576,2024-09-21,Bank Transfer,247.59
872,89618,2025-03-01,Cash on Delivery,98.87
873,89639,2024-07-17,Cash on Delivery,144.4
874,89715,2024-07-06,Credit Card,213.83
875,89789,2024-04-19,Cash on Delivery,816.24
876,89875,2025-01-06,Cash on Delivery,233.24
877,89883,2024-05-25,Bank Transfer,580.15
878,89887,2024-05-13,Credit Card,592.59
879,90154,2024-07-27,Bank Transfer,388.35
880,90219,2024-07-15,Cash on Delivery,405.65
881,90319,2024-06-25,Cash on Delivery,658.2
882,90329,2024-08-17,Credit Card,1517.04
883,90540,2024-12-19,Credit Card,1754.64
884,90560,2024-05-26,Cash on Delivery,137.06
885,90910,2024-04-17,Bank Transfer,900.54
886,90933,2024-06-21,Cash on Delivery,1044.72
887,90952,2024-09-05,Cash on Delivery,111.56
888,91017,2025-01-29,Credit Card,872.4
889,91161,2024-05-29,Credit Card,1136.01
890,91430,2024-11-08,Credit Card,1639.65
891,91463,2024-09-27,Bank Transfer,2093.5499999999997
892,91509,2025-02-24,Credit Card,1378.23
893,91742,2024-08-11,Cash on Delivery,332.78
894,91781,2024-03-20,Cash on Delivery,1445.85
895,91867,2024-05-20,Credit Card,316.41
896,91976,2025-01-19,Bank Transfer,287.76
897,91997,2024-03-21,Credit Card,1780.44
898,92087,2024-03-26,Credit Card,104.8
899,92232,2024-03-28,Cash on Delivery,1641.12
900,92246,2025-02-11,Credit Card,1035.54
901,92276,2024-07-11,Bank Transfer,1247.44
902,92290,2024-11-06,Bank Transfer,1773.1999999999998
903,92393,2025-03-12,Credit Card,1861.9499999999998
904,92429,2024-09-20,Cash on Delivery,1212.64
905,92507,2024-07-19,Credit Card,394.75
906,92572,2024-06-29,Credit Card,1146.2
907,92632,2024-10-15,Bank Transfer,655.47
908,92654,2024-06-10,Credit Card,386.91
909,92859,2024-09-12,Cash on Delivery,1495.0500000000002
910,92929,2024-10-13,Bank Transfer,110.14
911,92942,2025-01-17,Bank Transfer,515.8499999999999
912,92950,2024-03-27,Bank Transfer,435.34
913,93036,2025-01-28,Bank Transfer,757.2
914,93038,2025-01-06,Credit Card,625.4
915,93130,2024-07-11,Credit Card,709.7
916,93277,2024-06-20,Cash on Delivery,487.74
917,93329,2024-10-01,Credit Card,1841.52
918,93539,2025-02-25,Cash on Delivery,154.74
919,93547,2024-06-29,Bank Transfer,300.45000000000005
920,93644,2025-01-31,Credit Card,723.48
921,93663,2024-04-25,Credit Card,297.2
922,93806,2024-05-17,Bank Transfer,1347.0
923,93989,2024-04-25,Bank Transfer,429.25
924,93992,2024-12-05,Credit Card,153.82
925,94070,2024-11-26,Bank Transfer,473.22
926,94108,2025-01-20,Cash on Delivery,174.6
927,94141,2024-09-01,Bank Transfer,1081.28
928,94304,2025-01-26,Credit Card,1244.4
929,94316,2024-06-14,Bank Transfer,146.35
930,94503,2024-09-24,Cash on Delivery,124.02
931,94532,2024-11-06,Credit Card,342.32
932,94597,2024-12-28,Credit Card,605.18
933,94700,2024-06-15,Credit Card,1005.1800000000001
934,94899,2024-03-19,Cash on Delivery,1548.1999999999998
935,94912,2024-11-14,Credit Card,1852.28
936,95274,2024-05-15,Cash on Delivery,1619.5
937,95322,2025-03-14,Credit Card,69.22
938,95344,2024-10-12,Cash on Delivery,1080.96
939,95354,2024-07-13,Cash on Delivery,687.52
940,95641,2024-05-25,Credit Card,1263.42
941,95795,2024-06-28,Credit Card,822.4
942,95874,2024-12-30,Bank Transfer,910.44
943,95940,2024-06-24,Cash on Delivery,887.01
944,95980,2024-12-06,Cash on Delivery,106.07
945,96041,2024-09-22,Bank Transfer,354.98
946,96065,2024-07-01,Bank Transfer,779.62
947,96162,2024-09-12,Cash on Delivery,1464.8
948,96190,2024-11-04,Cash on Delivery,1829.05
949,96195,2024-09-25,Cash on Delivery,786.8
950,96221,2025-02-14,Cash on Delivery,88.76
951,96418,2024-09-18,Bank Transfer,651.76
952,96551,2024-10-21,Credit Card,39.44
953,96568,2024-03-21,Bank Transfer,284.33
954,96674,2024-04-30,Bank Transfer,936.51
955,96700,2024-03-27,Cash on Delivery,1896.16
956,96862,2024-09-28,Cash on Delivery,2286.0499999999997
957,96947,2025-01-27,Cash on Delivery,1456.1000000000001
958,97102,2024-03-28,Cash on Delivery,1147.28
959,97111,2024-09-07,Bank Transfer,57.88
960,97274,2025-02-24,Credit Card,235.82999999999998
961,97281,2024-12-07,Credit Card,1158.52
962,97308,2024-05-21,Cash on Delivery,36.56
963,97350,2025-03-06,Bank Transfer,574.96
964,97353,2025-02-20,Bank Transfer,234.18
965,97390,2024-07-24,Credit Card,938.61
966,97433,2024-07-26,Credit Card,1675.52
967,97829,2024-10-09,Credit Card,715.15
968,97874,2024-05-30,Credit Card,1906.55
969,98074,2024-08-03,Cash on Delivery,1978.64
970,98151,2024-05-14,Cash on Delivery,151.2
971,98156,2024-03-20,Credit Card,1114.29
972,98186,2024-08-25,Bank Transfer,134.35
973,98227,2024-05-25,Cash on Delivery,1425.0
974,98322,2024-04-08,Bank Transfer,200.44
975,98363,2025-01-30,Bank Transfer,321.88
976,98418,2024-05-28,Cash on Delivery,987.9
977,98627,2025-01-24,Bank Transfer,1386.16
978,98713,2025-02-05,Bank Transfer,463.67
979,98794,2024-07-09,Credit Card,64.4
980,98997,2024-10-22,Cash on Delivery,1223.49
981,99015,2024-10-26,Bank Transfer,1347.0500000000002
982,99026,2024-08-18,Credit Card,2351.0
983,99042,2024-05-26,Cash on Delivery,424.5
984,99133,2025-01-05,Cash on Delivery,63.44
985,99182,2024-12-19,Bank Transfer,592.98
986,99233,2024-09-08,Cash on Delivery,273.56
987,99243,2025-01-25,Cash on Delivery,21.44
988,99259,2024-09-04,Bank Transfer,696.99
989,99265,2024-08-24,Cash on Delivery,1330.2
990,99272,2024-04-26,Bank Transfer,122.76
991,99315,2024-10-03,Cash on Delivery,1240.56
992,99414,2024-08-17,Bank Transfer,1460.16
993,99423,2024-08-30,Cash on Delivery,877.5
994,99624,2024-06-29,Credit Card,480.28
995,99677,2025-02-15,Bank Transfer,1302.92
996,99828,2024-09-12,Credit Card,2138.65
997,99850,2025-02-27,Bank Transfer,1176.78
998,99887,2024-09-24,Credit Card,101.82
999,99909,2024-08-11,Cash on Delivery,474.06
1000,99923,2024-12-28,Bank Transfer,493.91999999999996
